,Id,Name,Location,FollowersCount,FriendsCount,RetweetCount,TweetCount,Score
0,23377569,Kayode Ogundamisi,"Lagos, Nigeria. London, UK",400272.0,4814.0,0,1,800549
1,346406417,Tv9 Gujarati,"Gujarat, India",348420.0,265.0,0,1,696845
2,936695288,Manish Tewari,New Delhi,292769.0,78.0,7,1,585592
3,1913668759,#NamoAgain,Delhi & Mumbai,123103.0,55619.0,0,2,246221
4,3153723127,Times of lsIamabad,Islamabad | Pakistan ,116250.0,868.0,1,1,232512
5,7278922,Rafaqat Ali #WWW.ALRATV.UK,"Croydon London, United Kingdom",107926.0,473.0,0,2,215867
6,279009908,Anandabazar Patrika,"Kolkata (Calcutta), India",105983.0,389.0,0,1,211971
7,826537184,Peter Townsend,,104272.0,90877.0,0,2,208559
8,37881687,Mark Di Stefano ğŸ¤™ğŸ»,"London, England",98703.0,3195.0,0,1,197411
9,1569837337,Anti #Taliban #ISIS #WWW.ANTITALIBAN.CO.UK,WorldWide,66098.0,139.0,0,1,132201
10,2188283340,F-M Mellbin,"Copenhagen, Denmark",64485.0,6217.0,3,1,128996
11,454626889,Daniele Bolelli,,54836.0,313.0,0,1,109677
12,17001490,Juan Cole,"Ann Arbor, Michigan, USA",46143.0,242.0,0,1,92291
13,2263220017,H. Sumeri,Across an ocean.,41784.0,762.0,4,1,83601
14,89300184,Cara Wadsworth,Earth,35531.0,38815.0,0,2,71077
15,2836703082,Nick Westerman,"Sydney, New South Wales",26822.0,26590.0,0,1,53649
16,3012875395,CtrlSec,https://t.me/CtrlsecOfficial,25879.0,23883.0,0,3,51783
17,1005351478037377024,ğŸ’œ ãƒ¦ãƒŸã€€vai ver o BTS em shizuokağŸ’œ,æ—¥æœ¬,24745.0,12225.0,0,1,49495
18,33025341,sherrie miranda,"Chula Vista, CA",24431.0,31098.0,0,1,48867
19,780544190,Kumar Shashwat,"New Delhi, India",23436.0,619.0,0,1,46877
20,22398060,Anna Turley MP,"Redcar/Westminster, England",23388.0,4312.0,0,1,46781
21,635047898,Patriot48 â­ï¸â­ï¸â­ï¸ğŸ‡ºğŸ‡¸,Q Sent Me â­â­â­Tx Patriot! ,22431.0,20811.0,0,1,44867
22,966229733233999872,Ã±eetÃ¼,India,21920.0,108.0,1,1,43852
23,4882228756,santosh gupta,"Delhi,India ",21249.0,267.0,0,1,42503
24,3222839432,ItsTEN,United States,20588.0,16434.0,0,1,41181
25,2697054487,julia â„ï¸,los angeles,19252.0,325.0,0,1,38509
26,307831651,slpress.gr,,19226.0,317.0,0,1,38457
27,279454590,Asaad Hanna,"Istanbul, Turkey",17991.0,495.0,1,1,35994
28,273648929,curdistani,Kurdistan,17879.0,1972.0,0,1,35763
29,715756940,PINOY BALIBOLISTA,"Manila, Philippines",16632.0,690.0,0,1,33269
30,1017714423790817280,Elena,,16086.0,16146.0,0,2,32187
31,137460214,Linda Grant,London,15467.0,758.0,0,1,30939
32,12088232,KerriFar,"Blacksburg, VA",15204.0,12407.0,0,1,30413
33,874994308885213184,âŒmadmammaâŒâ­â­â­,,14725.0,15075.0,0,1,29455
34,821644302,The Wanted Emcees,Saint Louis Missouri,14665.0,16121.0,0,1,29335
35,871951765,bakul piso,sor wit asem,14356.0,1628.0,0,1,28717
36,538049255,IKECHUKWU,In your heart ,13635.0,2834.0,0,1,27275
37,1561703076,El Viejo Topo,Barcelona,12164.0,345.0,0,2,24343
38,1246785936,JusticeForBangladesh,,11635.0,237.0,0,1,23275
39,927434217377505281,âŒH. CoxğŸŒŸğŸŒŸğŸŒŸ#BlueStarğŸ™ğŸ‡ºğŸ‡¸ğŸ‡®ğŸ‡±ğŸ’‹ğŸ‘ ğŸ’¼Trumponly,U.S.A.  #BuildTheWallNow,10811.0,11791.0,0,1,21627
40,1534858898,ğ‘€ğ’¾ğ“ˆğ“ˆ ğ’Ÿğ’¶ğ’¹ğ’¹ğ“,Tx,9389.0,376.0,0,1,18783
41,1964520356,lyna it'z different,ğŸ‡§ğŸ‡·,9249.0,8163.0,0,1,18503
42,2860570469,PHILIP WALKER,"Very long easy right, maybe",9007.0,4301.0,0,1,18019
43,1039223656914841601,ğŸ’¯ZaqğŸ’ƒğŸ˜’ğŸ˜’,"Eastern, Ghana",8648.0,8770.0,0,1,17301
44,278551481,Jambavan,http://medium.com/@lordwalrus,8619.0,1347.0,0,1,17243
45,552295750,âŒDonnaâŒâœï¸ Trump 2020 ğŸ‡ºğŸ‡²,USA: LAND of The FREE & BRAVE,8519.0,9355.0,0,2,17053
46,798572392981282816,ğŸ–‡K'trokğŸ”¹,IKS K'vaQ,8156.0,6264.0,0,1,16317
47,3269428074,reem,Ateez,7993.0,4834.0,0,1,15991
48,100776423,Dhiraj Anand,,7109.0,5988.0,0,1,14223
49,52083398,Andrew C. Barnard,I live where you vacation.,6363.0,6448.0,0,1,12731
50,546031956,Lalmani Tiwari,India,6266.0,5233.0,0,2,12547
51,719939067136385024,Jenny #StandUp4Brexit ğŸ‘©â€ğŸŒ¾,,6049.0,5999.0,0,2,12113
52,1022113365345411073,THENOTORIOUS_VINNY,United States,5897.0,5868.0,0,1,11799
53,1049984284445106176,Ritik chaudhary (Raja),"New Delhi, India",5764.0,6325.0,0,1,11533
54,966819792,Liz AguirreğŸ“,,5725.0,4787.0,0,1,11455
55,404709877,AbuSid,www.thepashtunquestion.com,5487.0,688.0,1,1,10986
56,140742095,ANIL ğŸ‡®ğŸ‡³ #à¤­à¤¾à¤°à¤¤_à¤®à¤¾à¤¤à¤¾_à¤•à¥€_à¤œà¤¯,India,5091.0,4574.0,0,1,10187
57,206107815,RFE/RL Gandhara,"Afghanistan, Pakistan, Prague",5080.0,527.0,0,1,10165
58,740769140,âŒLynnâŒâšœâœ³ğŸ†,Gateway to the West,5036.0,4494.0,0,1,10077
59,902837643024539651,MedcomID,"Jakarta Capital Region, Indone",4925.0,34.0,0,2,9865
60,637184624,Raza Wazir,,4690.0,886.0,0,1,9385
61,2166035546,Vivek Sharma,Bikaner-Rajasthan,4643.0,4713.0,0,1,9291
62,4858580423,Struggle Of Kurds ğŸ¦…,Kurdistan,4598.0,311.0,1,1,9208
63,299625687,Mohammed A. Salih,United States,4572.0,1263.0,0,2,9159
64,950072516118114304,Friedaâ€™s Mom,The State of Decline,4537.0,4926.0,0,1,9079
65,589593899,Miyahhhâœ¨,Chicago,4475.0,4186.0,0,1,8955
66,949582946993823745,Anand Agrawal,Vidisha madhya pradesh india ,4439.0,3333.0,0,1,8883
67,894099544207765505,Martin,"Å umperk,north moravia,JesenÃ­ky",4361.0,5001.0,0,1,8727
68,720881012259966976,Saffron Rider #NaMoAgain,à¤‡à¤‚à¤¦à¥à¤°à¤ªà¥à¤°à¤¸à¥à¤¥,4353.0,390.0,0,1,8711
69,857505786,A-A-RON,Probably at the gym,4295.0,3867.0,0,1,8595
70,370615515,CA. RAJEEV GUPTA,"Delhi NCR, INDIA",4292.0,896.0,0,1,8589
71,916171275604705281,Rick Hanrahan,"Missouri, USA",4248.0,3881.0,0,1,8501
72,855185545,DeplorableğŸ‘©ğŸ»â€ğŸŒ¾Me,,4170.0,4062.0,0,2,8355
73,384636155,infoLibya,libya,4161.0,391.0,0,1,8327
74,404365807,Gabriel Pogrund,"London, England",4122.0,1896.0,9,1,8312
75,2208424296,Spartan,"Spokane, WA",4133.0,389.0,0,1,8271
76,2280409106,à¤®à¥à¤¸à¤¾à¤«à¤¿à¤° ğŸ‡®ğŸ‡³,"Sardarshahar Rajasthan, India",4092.0,531.0,0,1,8189
77,178876880,SonjaleneYorkLittlefield,Texas,4092.0,4996.0,0,1,8189
78,3268416746,SobdarBaluch,#BalochistanIsNotPakistan,4046.0,5189.0,0,1,8097
79,24012502,Wayand,"Activist, AFPAK Journalist,",4045.0,3834.0,0,1,8095
80,322310561,Diyar,The Old Continent ,4004.0,171.0,0,1,8013
81,214177463,Wolf of Sparta,Insomnia,3858.0,887.0,0,1,7721
82,896839198451261440,lulu hall,,3778.0,4975.0,0,1,7561
83,959631315002736640,Patriot Chic33 ğŸŒŸğŸŒŸğŸŒŸ,USA,3698.0,4567.0,0,2,7411
84,893708816713490432,GaryGray,"El Paso, TX",3694.0,4318.0,0,2,7403
85,804769068259692545,DRAINTHESWAMP,"British Columbia, Canada",3661.0,4733.0,0,2,7337
86,787140516219645953,Amriana  #FBIR,Canada,3615.0,5001.0,0,1,7235
87,398856834,Temple Bar Farm,"Wales, United Kingdom",3523.0,2280.0,0,1,7051
88,2374534368,â˜¥â›ˆMr Stormâ™‚Fatherâ›ˆâ˜¥,Alberta. Canada.,3514.0,4322.0,0,2,7043
89,1068901933,larryqulexğŸ‡³ğŸ‡¬,"Lagos, Nigeria",3511.0,3265.0,0,1,7027
90,992274807537324032,MarilynâŒâ­ï¸â­ï¸â­ï¸,,3509.0,4982.0,0,1,7023
91,857022178042060801,BLUEismyfavcolor,"Spokane Valley, WA (STATE) ",3496.0,5000.0,0,1,6997
92,432373383,SandeepLaw,New Delhi,3481.0,1636.0,2,1,6981
93,1000805315443609608,Nungua selena gomez,Somewhere in Africa,3459.0,2958.0,0,1,6923
94,234450293,Neelika Jayawardane,,3406.0,821.0,0,1,6817
95,21647764,SiÃ¢n Lovatt,Lincolnshire,3294.0,3246.0,0,2,6603
96,111247911,J. G. Tyrakis,ÎšÏ‰Î½ÏƒÏ„Î±Î½Ï„Î¹Î½Î¿ÏÏ€Î¿Î»Î· & Î˜ÎµÏƒÏƒÎ±Î»Î¿Î½Î¯ÎºÎ·,3282.0,3763.0,0,1,6569
97,969398578497044480,Giant Bomb Infinite,,3264.0,0.0,0,1,6533
98,934756524,ABAD HUSSAIN DALIM,"Sylhet,Bangladesh",3256.0,2652.0,0,1,6517
99,45074258,Philip Gipson,"Dayton, Ohio",3251.0,3449.0,0,1,6507
100,58787728,ğŸ‘€Shibby,Space,3174.0,3959.0,0,1,6353
101,264100086,Rachel Maytum ğŸ¢,Northern Ireland,3142.0,1640.0,0,1,6289
102,413906000,Theodore Karasik,,3095.0,456.0,0,1,6195
103,407632340,Jack Cook,,3066.0,4963.0,0,1,6137
104,1031527568053157889,QAnon16830911,"Sydney, New South Wales",3022.0,3288.0,0,1,6049
105,2417385907,Geoff Dwight,Ã†ngelcynn,2970.0,3369.0,0,1,5945
106,501133012,Peter Gilkes,"Northampton, England",2904.0,2825.0,0,1,5813
107,32455543,Nas@proudAmerican ğŸ‡ºğŸ‡¸,"California, USA",2894.0,3765.0,0,2,5803
108,159935292,.,,2895.0,508.0,0,1,5795
109,39950910,Michael Dean,Star Turn,2868.0,3705.0,0,1,5741
110,367018448,Vivek Dubey ğŸ‡®ğŸ‡³,India,2830.0,2589.0,0,2,5675
111,2199804672,SardarJam Amman,"USA,NEW ZEALAND NELSON 25 STOKE CANBELDN CRESENT.",2773.0,2077.0,0,3,5571
112,1684709576,Julia Ann Mercer,Sturgis MI,2768.0,4135.0,0,2,5551
113,2831954853,Nepal News EnglishğŸŒ,Kathmandu,2764.0,169.0,0,1,5533
114,1005535860899631107,â›âDHâ â,,2755.0,1459.0,0,1,5515
115,1053972537418215425,[íŠ¸ì •ì¤‘]ğŸ’ì²´ë¦¬ì°ë¹µğŸ’œ,ğŸ’œë°©íƒ„ ì‚¬ë‘í•´ ë³´ë¼í•´ğŸ’œ,2702.0,2643.0,0,1,5409
116,842587116693569536,Vinu Modi Rashtrawadi@gujjuVimo,,2688.0,4949.0,0,1,5381
117,875389866611056640,ğš‚ğš. ğš…ğš’ğš—ğš‚ğš¢ğš—ğšğš‘,,2681.0,977.0,0,1,5367
118,87664060,AnKeSh..... Saffron ğŸš©ğŸ‡®ğŸ‡³ğŸš©,"Indore, India",2655.0,1578.0,0,1,5315
119,2246920915,à¤•à¥à¤à¤µà¤° à¤µà¤¿à¤œà¤¯à¥‡à¤‚à¤¦à¥à¤° à¤¸à¤¿à¤‚à¤¹ #Namokesarthi,à¤µà¤¿à¤¦à¤¿à¤¶à¤¾,2635.0,2152.0,0,2,5285
120,2613457520,Orwell Now,,2554.0,3309.0,0,2,5123
121,2486815920,James Clayton/sweeth2o,"Alabama, USA",2538.0,3404.0,0,1,5081
122,904239891029962752,._.,Dvo,2510.0,2998.0,0,1,5025
123,783419940338561027,syeda saba sharif,"West Midlands, England",2494.0,2994.0,0,2,5003
124,978780686,Laurie ğŸ‡ºğŸ‡¸ I trust my Lord & SaviorJesus Christ âœ,United States,2469.0,2812.0,0,1,4943
125,739846873,Unicorn Magicâœ¨ğŸ¦„âœ¨,"Illinois, USA",2438.0,3734.0,0,1,4881
126,871870586,Lady Liberty,,2426.0,3816.0,0,2,4867
127,35215486,Cindy Woods,"Washington, USA",2381.0,3043.0,0,1,4767
128,851049734043250688,ğŸ‡©ğŸ‡ªAce of Spades ğŸ‡®ğŸ‡±ğŸ‡®ğŸ‡¸ğŸ³ï¸â€ğŸŒˆğŸ‡·ğŸ‡º,Deutschland,2368.0,3472.0,1,1,4748
129,1413038280,doc 4  n from heartğŸ‡®ğŸ‡³,"Bangalore,Vadodara&Manchester",2346.0,3712.0,0,2,4707
130,2190867967,Amarendra K Pandey ğŸ‡®ğŸ‡³,,2342.0,3906.0,0,1,4689
131,528073928,foxface,"tk, ym",2339.0,386.0,0,1,4683
132,952870629270732801,âš”à¤¸à¥Œà¤°à¤­ à¤ªà¥à¤°à¤¤à¤¾à¤ª à¤¸à¤¿à¤‚à¤¹ à¤°à¤¾à¤ à¥Œà¥œâš”,"Delhi, India",2305.0,4998.0,0,2,4625
133,2548427874,Girl Interrupted,,2273.0,2427.0,0,2,4561
134,341957009,Molatelo â¤,"Polokwane, South Africa",2264.0,506.0,0,1,4533
135,742663825128890368,Arindam India,,2263.0,3769.0,0,1,4531
136,1069182081291313155,abhi Mishra,chambal,2261.0,1573.0,0,1,4527
137,93828568,ShaeleshğŸ‡®ğŸ‡³,Gurgaon,2256.0,1141.0,0,1,4517
138,1044228037112463366,Serendipia,EspaÃ±a,2226.0,190.0,0,1,4457
139,2862344212,juwu loves hoseokie a lot,bts zayn,2219.0,1581.0,0,1,4443
140,527913696,Citizen Assange,In your imagination only,2180.0,271.0,0,1,4365
141,10621932,Kerfuffle ActualğŸ’¥,"Portland, Oregon, USA",2163.0,2200.0,0,1,4331
142,22460413,NeuroEd,,2150.0,2844.0,0,2,4315
143,145743699,Ø§Ù†ÛŒÙ‚ Ø§Ø­Ù…Ø¯ ğŸ‡µğŸ‡°,Islamabad,2149.0,3765.0,0,1,4303
144,1050635233618358272,E A G E R,Biscayne Bay - where the Cyoooooban gentlemen sleep all day,2144.0,768.0,0,1,4293
145,863495508236619776,ğ“ƒğ’¶ğ“‰ğ’¶ğ“ğ’¾ğ‘’ #BTSINFLORIDA,shinhwa/nct/straykids/day6/ect,2144.0,2570.0,0,1,4293
146,824470268479279104,Win Rideout X,"Tucson, AZ",2134.0,2223.0,0,1,4273
147,1673113920,elske,schelluinen,2125.0,3212.0,0,2,4265
148,1019011185528762368,Nigel Hawthorne,United States,2122.0,2464.0,0,1,4249
149,3308179282,Ù‹,roksa,2103.0,187.0,0,1,4211
150,357187990,SalimRizvi,New York City,2077.0,5000.0,0,1,4159
151,228463271,Dr Paul Stott,United Kingdom,2063.0,1725.0,0,1,4131
152,810108393587359746,à¤¹à¤¿à¤¨à¥à¤¦à¥ à¤°à¤¾à¤œ à¤¸à¤‚à¤˜à¥€,"Dhanera, India",2051.0,1955.0,0,2,4117
153,17732518,ormiga,Paris old EU,2045.0,4983.0,0,1,4095
154,2185940875,Nazeem samoon,kabul-afghanistan,2031.0,1076.0,0,1,4067
155,78078483,AteQuando?,,1987.0,2512.0,0,1,3979
156,71712581,Bangkok Informer,Bangkok,1968.0,802.0,0,2,3951
157,27669037,Jim Lyons ğŸ‡ºğŸ‡¸ğŸ¸ğŸ‡¬ğŸ‡§ ğŸ‡«ğŸ‡·,"East Stroudsburg, PA, USA",1971.0,3889.0,0,1,3947
158,4085530283,YHWHuniversityâ„¢ï¸ knowing GOD through JesusğŸšChrist,@Speedcomesfirstâ„¢ï¸ memes,1962.0,1677.0,0,1,3929
159,879420087123533826,à¤œà¥‹à¤–à¤®,à¤†à¤ªà¤•à¥‡ à¤ªà¥€à¤›à¥‡ ğŸ˜‰,1958.0,726.0,0,1,3921
160,129453834,Akshay Naidu ğŸğŸ‡®ğŸ‡³âš½ğŸ‡«ğŸ‡·,"à¤®à¥à¤‚à¤¬à¤ˆ, à¤­à¤¾à¤°à¤¤",1951.0,2402.0,0,1,3907
161,530948034,PeopleRuinEverything,USA,1927.0,2194.0,1,1,3866
162,2272742279,AYOTUNDE,DIASPORA,1914.0,1839.0,0,1,3833
163,4092474195,Jackie    ğŸ´ó §ó ¢ó ³ó £ó ´ó ¿ ğŸ‡¬ğŸ‡§  #StandUp4Brexit,,1898.0,4993.0,0,1,3801
164,22272206,Yvonne Casey,,1895.0,3153.0,0,1,3795
165,933330387543252992,ISRAEL SHOOTS KIDS,,1864.0,1802.0,0,1,3733
166,1088766495902060544,Qanon ForAustria,Austria,1859.0,2925.0,0,1,3723
168,92157633,Rxbun,Â¯\_(ãƒ„)_/Â¯,1853.0,1973.0,0,1,3711
169,75523285,ILLUMINAUGHTY,NAGPUR,1853.0,369.0,0,1,3711
167,25291723,Rob Jones,A bit outside of Ft Worth,1853.0,1915.0,0,1,3711
170,341242921,BeTheChange Global,"PuertoRico, Wisconsin & Global",1851.0,2448.0,0,1,3707
171,3227387970,Nick,,1838.0,93.0,0,1,3681
172,629410542,Otunba Dennis Macaulay,"Lagos, Nigeria",1825.0,254.0,0,1,3655
173,760793871597051904,Khalid Elias,,1801.0,439.0,0,2,3617
174,913569482106269696,Ilham Budi Abdillah,"Malang, Indonesia",1796.0,338.0,0,1,3597
175,4828075681,David,France. London if I must.,1793.0,2006.0,0,1,3591
176,4811626919,somali goddess,"Nairobi, Kenya",1783.0,316.0,0,2,3581
177,43089397,DegusLocke,,1779.0,2020.0,0,1,3563
178,235368434,Ms Kanko,Ersatz Elevator.,1767.0,773.0,0,2,3549
179,3021258574,Total,Î•Î»Î»Î¬Ï‚,1756.0,1512.0,0,3,3537
180,974567285947011072,Riaz Ali Mallah SMT SBA,"Sakrand, Pakistan",1755.0,984.0,0,1,3515
181,311363008,Wanderer,a small place in milkyway,1725.0,2555.0,0,1,3455
182,10536952,TenneyNaumer,"Jonesboro, IL",1719.0,1558.0,0,1,3443
183,284565345,sara  ğŸ‡µğŸ‡¸âœŒğŸ’•ğŸ’,netherlands,1710.0,276.0,0,1,3425
184,1057183564062777344,Right News,United Kingdom,1695.0,1907.0,0,1,3395
185,1037302638,rajeshsharma,,1672.0,2661.0,0,1,3349
186,1074755832422809600,ğŸ‘‘,Ghana,1665.0,1442.0,0,1,3335
187,989864982,chicano,"Sinaloa, MÃ©xico",1650.0,168.0,0,1,3305
188,1051547771633848320,@REDEuropaVE,,1649.0,2579.0,0,1,3303
189,2968835805,Mike Hammer,,1636.0,535.0,1,2,3294
190,1368100356,Emilie,,1640.0,67.0,0,1,3285
191,2744390066,Supreme Commander,"Tampa, FL",1620.0,63.0,0,2,3255
192,267103266,Arun Verma,"Uttar Pradesh, India",1600.0,436.0,0,1,3205
193,992785261464436736,Ali Jaghori,,1586.0,1926.0,0,2,3187
194,545534226,R o c Ã­ o,"Jovita, CÃ³rdoba, Argentina",1580.0,1186.0,0,1,3165
195,845599446259961856,Terence Nxumalo,South Africa,1566.0,4997.0,0,1,3137
196,2583076802,marian; â™¡,haechan â™¡,1557.0,868.0,0,1,3119
197,428585142,"Mr Woo's Opinion âŒ #Brexit, bring it on","England, United Kingdom",1548.0,1528.0,0,2,3111
198,877257045543575553,Sachin Padwal,"Mumbai, India",1550.0,1218.0,0,1,3105
199,461001932,Rob Heilbron,Tel Aviv,1532.0,1170.0,0,1,3069
200,884095964730019841,Aegis Bridge,"Wien, Ã–sterreich",1528.0,4212.0,0,1,3061
201,1073629606140293120,nAtz_eLena #SNAPP ğŸ’œ,ğŸ‡µğŸ‡­ Pledge to #SNAPP,1521.0,4631.0,0,1,3047
202,219628809,Michael Olasubomi Balogun,Nigeria,1474.0,1132.0,0,1,2953
203,69874367,Amol Tikam,,1468.0,2377.0,0,2,2951
204,3103767487,ğ’µğ’¾ğ‘’ğ“‡ğ“‡ğ’¶ğ’½ ğ‘€.,Houston,1470.0,2745.0,0,1,2945
205,865293524098576385,Anon Media UK,"London, England",1459.0,2388.0,0,1,2923
206,2199839305,Bevrijder,Bananenrepubliek Nederland,1443.0,675.0,0,1,2891
207,935191238529175553,Andy Mendes (MÃ£e de Army),Pelo Mundo,1441.0,917.0,0,1,2887
208,959213014716121098,Once and Future King,United Kingdom,1420.0,1408.0,0,2,2855
209,705543930,Attorney Sandra,"California, USA",1423.0,2198.0,0,1,2851
210,2452431785,BeSt_oF_BeRaK,,1415.0,523.0,0,1,2835
211,892030127281807360,Naro 92,"San Diego, CA",1408.0,4859.0,0,2,2831
212,383853985,RamÃ³n,,1400.0,2595.0,0,2,2815
213,716216091228377088,Haji Shahwali,,1404.0,700.0,0,1,2813
214,2703654098,myIraq,Baghdad,1400.0,2381.0,0,1,2805
215,3567892574,STFU Donny,,1395.0,3110.0,0,1,2795
216,1000760316806901762,Babsbgood,"Perth,  Western australia",1392.0,1624.0,0,1,2789
217,764997030087364608,Jenna,,1383.0,1260.0,0,1,2771
218,2353783038,RiverBeaverğŸ¹,Vinnytsia,1376.0,348.0,0,2,2767
219,300670467,I Dissent!!!!,,1373.0,720.0,0,1,2751
220,817434707663069185,Sal,,1364.0,1268.0,0,1,2733
221,2960124946,BASIC,Barcelona,1364.0,116.0,0,1,2733
222,47802592,Jerome Goolsby,"Missouri, USA",1349.0,3047.0,0,2,2713
223,224617920,ğŸš©   ğŸš©   ğŸ¹  à¤œà¤¯ à¤¶à¥à¤°à¥€à¤°à¤¾à¤®    ğŸ¹  ğŸš©   ğŸš©,,1340.0,1.0,0,1,2685
224,4270303882,LAGRIENZO,"Boca Raton, FL",1330.0,461.0,0,1,2665
225,1044343425510907906,Najma langu,"Quetta, Balochistan ",1327.0,3007.0,0,1,2659
226,4015342642,Fezekile Msimang,https://www.facebook.com/Nzuri,1312.0,528.0,0,1,2629
227,48416822,Amit A. Pai,Bangalore/New Delhi,1309.0,277.0,0,1,2623
228,1909834508,Maid Marian,,1305.0,928.0,0,1,2615
229,3304300564,Ahmad Zaher Maqsoodi,Afghanistan,1271.0,1793.0,0,1,2547
230,417916672,Clark Renney,"Harlow, England.",1264.0,2100.0,0,1,2533
231,1084394385616392193,KennaLee,,1256.0,1973.0,0,2,2527
232,57609357,Manish Mishra ğŸ‡®ğŸ‡³ INDIA badla lega,Bangalore,1250.0,4227.0,0,1,2505
233,1414913768,Early BirdğŸ‡µğŸ‡°,WorldğŸŒ,1241.0,580.0,1,2,2504
234,3035076004,DeepVard,,1242.0,5002.0,0,1,2489
235,1071492101177782272,manu QUER A CONTINUAÃ‡ÃƒO DA FANFIC DA SARA,no paÃ­s que sÃ³ existe sp,1231.0,1465.0,0,3,2487
236,4722431881,mridul mahato,,1231.0,1910.0,0,1,2467
237,836072814,DC ğŸ‡¬ğŸ‡§,England ğŸ´ó §ó ¢ó ¥ó ®ó §ó ¿,1218.0,2025.0,0,1,2441
238,715482626904068096,SarahğŸ‡ºğŸ‡¸ Cupids Arrow  ğŸ’˜ğŸŒŸ,"Florida, USA",1216.0,830.0,0,1,2437
239,916489311087869953,ã„¹ã……ã„¹ âœ¨,ã…¡ Genius Lab ,1211.0,1030.0,0,1,2427
240,953731533759832064,Ashli ğŸ’›,"New York, USA",1210.0,1206.0,0,1,2425
241,2511527588,á´›Êœá´€á´‹á´œÊ€ á´ŠÉªá´›á´‡sÊœ sÉªÉ´É¢Êœ,"Hyderabad - Telangana , India",1185.0,4956.0,0,2,2385
242,74729561,UrMum,United States,1181.0,2108.0,0,1,2367
243,88890011,NewsHitterTeam,,1172.0,1107.0,0,1,2349
244,53912734,ã‹ã‚ã«ãª,ä¼šæ´¥ â‡” æ±äº¬,1171.0,2861.0,0,1,2347
245,932453763109019648,Adan,,1169.0,2588.0,0,1,2343
246,460221810,The Coupon Planet,United Kingdom,1159.0,970.0,0,1,2323
247,2588703507,soft.,,1154.0,262.0,0,1,2313
248,1061493975964471296,Ã…rpÃ±Ã¢ ğŸ‡®ğŸ‡³,India ğŸ‡®ğŸ‡³,1141.0,49.0,0,2,2297
249,4707793887,â€¢Â°â€¢ğ“œğ“¸ğ“¸ğ“·ğ“¬ğ“±ğ“²ğ“µğ“­ Â°â€¢Â°,"SÃ£o Paulo, Brasil",1125.0,1192.0,0,2,2265
250,2252982271,ash âœ¨,"Los Angeles, CA",1129.0,937.0,0,1,2263
251,1189150982,.,Posadas Misiones Argentina,1127.0,1303.0,0,1,2259
252,261701703,VINOD ğŸ¥ğŸ“½ï¸ğŸï¸ğŸ¬ğŸ“–ğŸ–‹ï¸âœï¸,Hindustan,1114.0,4992.0,0,2,2243
253,1031124968090816512,Arc,Hyperspace,1115.0,1792.0,0,1,2235
254,2689873356,Ø¹Ø°Ø±Ø§ Ø¨ÙŠÚ¯Ù…,"Hyderabad, India",1108.0,320.0,0,1,2221
255,1012408270659694593,agentchange42,"London, England",1102.0,1710.0,0,1,2209
256,2166582023,Advokaat Rebben,"Tilburg, The Netherlands",1094.0,4285.0,0,2,2203
257,3425779220,Sowjanya S Murthy,,1099.0,700.0,0,1,2203
258,1247061284,anna nanna,,1092.0,308.0,0,2,2199
259,1005758238,VicenteOrtegaCÃ¡mara,"AmÃ¡n, Jordania, Ø§Ù„Ø£Ø±Ø¯Ù†",1088.0,1704.0,0,1,2181
260,1544158634,âœŒâœŠ,,1078.0,798.0,0,1,2161
261,1033621453386575872,ğŸ¦€,proud inc. | +63,1047.0,803.0,0,1,2099
262,3920156113,Lana...,w/mariah ,1039.0,693.0,0,1,2083
263,979767212,Adrian Shtuni,"Washington, DC",1031.0,993.0,0,1,2067
264,48990686,Make NKRI great again,"Jakarta Capital Region, Indone",1030.0,810.0,0,1,2065
265,147972611,Just Me!,,1008.0,179.0,0,1,2021
266,364896728,Shoaib A. Rahim,Afghanistan,999.0,212.0,0,1,2003
267,1629697159,Shadynikaaâ¤ï¸,"Seat Pleasant, MD",995.0,944.0,0,1,1995
268,40271790,Jack Allum,European union ,987.0,1877.0,0,2,1989
269,4258245558,Avinash,India,989.0,1127.0,0,1,1983
270,278704303,bbbâ˜¯ï¸,"Washington, USA",988.0,700.0,0,1,1981
271,133210461,Ravi,India,971.0,1290.0,0,3,1967
272,1406128249,Hamdi ÅÃ¶len,,976.0,246.0,0,1,1957
273,943738889390272513,ğŸ‡®ğŸ‡³Karthik,"Visakhapatnam, Andhra INDIA",962.0,3552.0,0,1,1929
274,229880650,David,"London, England",953.0,1175.0,0,1,1911
275,1029797963491495936,ğŸ¦ Vijay Singh ğŸ¦,"Dehradun, India",949.0,254.0,0,1,1903
276,1152663006,Manoj Bhan,"New Delhi, India",948.0,410.0,0,1,1901
277,910270570410987523,baddgirl_d  âœ¨,"Houston, TX",940.0,939.0,0,2,1895
278,982871941248794624,Jennifer Maria,United States,936.0,4715.0,0,1,1877
279,73187659,Dulal Chand,"New Delhi, India",929.0,1025.0,0,1,1863
280,2997101480,Tsipras delenta est!,,921.0,184.0,0,1,1847
281,24888750,EzzyMix,Manchester,913.0,839.0,0,2,1841
282,2489080956,âœ©Kuramaâœ©,MIA,910.0,269.0,0,1,1825
283,2358434295,Adil Bhatti,ğŸ‡µğŸ‡°ğŸ‡¬ğŸ‡§,890.0,212.0,0,1,1785
284,399251929,@Kliment Levi,"Mont-Tremblant, QuÃ©bec",888.0,4916.0,0,1,1781
285,833140569144569856,(â—Â´Ï‰ï½€â—),ÉÊ uÄ±ÊÉ 'oÊ‡ oÉ¯ ÉsÉuÄ±q É“Éd,863.0,2339.0,0,1,1731
286,952127652462252032,super ally,,851.0,1691.0,0,2,1717
287,1415300323,ğŸ’,,855.0,185.0,0,1,1715
288,884247152725250048,Suraj,,854.0,1317.0,0,1,1713
289,542698077,Lieve Vandrepol,Schoten,841.0,1796.0,0,1,1687
290,168888337,Mh.,,836.0,407.0,0,1,1677
291,566972320,Churchill's Karma,England,832.0,198.0,0,1,1669
292,151519378,fukvit10,"Melbourne, Victoria",826.0,1405.0,0,1,1657
293,1577938446,Kailash Bafna,AURANGABAD,822.0,950.0,0,1,1649
294,902514057919447040,gshell1234,,812.0,76.0,0,2,1639
295,1078238408005308417,Saheel Ahmad,pakistan karachi ,812.0,339.0,0,1,1629
296,2966527673,gijsbert taling,,792.0,874.0,0,1,1589
297,2383568642,à¤à¤• à¤­à¤¾à¤°à¤¤ - à¤¸à¥à¤¦à¥ƒà¥ à¤­à¤¾à¤°à¤¤,,790.0,481.0,0,1,1585
298,3107771138,Lil Andre Busta 3000 Rhymes,Triple D,789.0,681.0,0,1,1583
299,879310451196256257,the last nagoo bender ğŸ˜‚,Maldives,788.0,1555.0,0,1,1581
301,3064649189,ğŸš€Spacecraft ğŸ›°Insp.ğŸ›¸,Southern California,782.0,377.0,0,1,1569
300,606882765,cam,Buenos Aires - Avellaneda ,782.0,747.0,0,1,1569
302,197771479,M.Tryaddy,"Bandung, Indonesia",780.0,668.0,0,1,1565
303,1136087528,Kaylin BlankğŸ¤©ğŸ’,"Los Angeles, CA",779.0,1168.0,0,1,1563
304,440372660,ExtraMediaUk,London / UK,778.0,645.0,0,1,1561
305,169592236,Uniform Civil Code ğŸ‡®ğŸ‡³,"New Delhi, India",776.0,312.0,0,1,1557
306,3353270825,dayo michael,,770.0,751.0,0,2,1555
307,2156519666,Aditya Rajpurohit,Living The Dream in Bombay,772.0,153.0,0,1,1549
308,1098326916,Cuatro Gatos CT,Cartagena,768.0,1230.0,0,1,1541
309,194600529,Theo Prinse,Terneuzen,761.0,187.0,0,1,1527
310,29222658,Okani ğŸ»,Ealing,760.0,1547.0,0,1,1525
311,149810055,Langra Bhoot,,759.0,424.0,0,1,1523
312,702464882063572992,Dick Goodwin,,748.0,1092.0,0,2,1511
313,786379097148628994,T V B I,"Abuja, Nigeria",746.0,763.0,0,1,1497
314,503206484,RocÃ­o Traver,"AlgemesÃ­, EspaÃ±a",743.0,652.0,0,1,1491
315,2857994147,CB,United States,739.0,934.0,0,1,1483
316,726988011339022336,Vaughan Williams,Australia,733.0,907.0,0,1,1471
317,845077957,Karencita,"Oakland, CA",730.0,431.0,0,1,1465
318,2492640292,Kieran,Belfast  Ireland,729.0,1386.0,0,1,1463
319,700420974,EliasğŸ˜›,"Goya, Argentina",722.0,587.0,0,1,1449
320,3053383736,jackmers,,718.0,380.0,0,1,1441
321,1047865530802044929,ìŠˆê°€,Republic of the Philippines,712.0,1001.0,0,2,1439
322,726029796736638977,à¤†à¤°à¥à¤¯à¤¨,", India",709.0,684.0,0,1,1423
323,56726017,Dr Haider,The Trail Never Ends   Ù…Ùˆ Ø´ØºÙ„Ùƒ,703.0,641.0,0,1,1411
324,754323395723071488,J. L. J. Kennedy,"Oxford, England",703.0,3272.0,0,1,1411
325,843711797831979008,RaYnE,Hope world,690.0,1615.0,0,1,1385
326,1018734269739479040,ğŸ”Bryce HoodieğŸ”,"Oklahoma, USA",689.0,774.0,0,1,1383
327,2835529153,nabbyğŸ°,London,684.0,426.0,0,1,1373
328,235886493,crystalino.,,678.0,730.0,0,1,1361
329,386047736,SantaKlaus,"Helsinki, Finland",678.0,280.0,0,1,1361
330,3931779316,Yuki ama o txt antes mesmo deles debutarem,"Foz do IguaÃ§u, Brasil",675.0,877.0,0,1,1355
331,736166996044304384,Shraddar fÃ¼r ein Europa der VaterlÃ¤nder,,675.0,1058.0,0,1,1355
332,4821001503,SameDobreWiadomosci, GÅ¯rny ÅšlÅ¯nsk (Upper Silesia),670.0,687.0,0,1,1345
333,2417569959,Lauramcfatter,"Glasgow, Scotland",669.0,751.0,0,1,1343
334,336673752,Mari,"Asuncion, Paraguay",665.0,1705.0,0,1,1335
335,3207428517,Garry Maddocks,Foinavon Sutherland,651.0,4982.0,0,2,1317
336,611471822,@mazli,,653.0,820.0,0,1,1311
337,425681864,á´á´‡É¢Éªá´€á´¡á´€á´›Éª á´á´œsÊŸÉªá´á´€Êœ á´…á´‡á´¡Éª,"á´¡á´‡sá´› á´Šá´€á´ á´€, ÉªÉ´á´…á´É´á´‡sÉªá´€",644.0,165.0,0,2,1303
338,1054788810805075968,BB,,648.0,599.0,0,1,1301
339,23302810,Dr. Azhar Aslam,United Kingdom,643.0,561.0,0,1,1291
340,19715865,Mark Robinson,,634.0,646.0,0,2,1283
341,1536294655,Lokesh Bharadwaj,,638.0,652.0,0,1,1281
342,1086943144195743746,Prin is seeing #UnveilTourInManila,Republic of the Philippines,637.0,683.0,0,1,1279
343,1034141201677602817,Auto Raja,"Karnataka, India",637.0,919.0,0,1,1279
344,325640155,Usha DravidğŸ‡®ğŸ‡³,,632.0,562.0,0,2,1279
345,50620221,hanrahanarchist,Ireland,623.0,1172.0,0,1,1251
346,152711378,NINE/11,Minding My Business,618.0,319.0,0,1,1241
347,1138475870,Stephen feffe Landberg,ğŸ‡¸ğŸ‡ª ğŸ‡¹ğŸ‡­ ğŸ‡ºğŸ‡¸,610.0,902.0,0,1,1225
348,705144507780591616,TRUMPathetic ğŸ¤”ğŸ™„,"Manhattan, NY",606.0,2598.0,0,1,1217
349,1009289817933299712,cephine,"Seattle, WA",593.0,615.0,0,3,1211
350,621205798,B R O O K E,Earth,601.0,897.0,0,1,1207
352,284604065,S.M.Umair,Kuala Lumpur Malaysia,594.0,1442.0,0,1,1193
351,728482182,ditlandishetzat,Nederland,594.0,828.0,0,1,1193
353,287762699,sam,all over,590.0,237.0,0,1,1185
354,922918340,{{{**Jillpoll**}}},,589.0,19.0,0,1,1183
355,127117572,iLLy,'LoveSounds' coming soon,587.0,483.0,0,1,1179
356,1966424612,Majid Khan ğŸ’§,Pakistan,569.0,1985.0,0,1,1143
357,318462990,Deivis Guerra,Venezuela,566.0,1424.0,0,1,1137
358,1062607824,Amitabh Poddar,,563.0,1274.0,0,1,1131
359,819971933076856832,SAM Volhov,Eastern Europe,562.0,770.0,0,1,1129
360,779039921541484544,R&U Videos,,559.0,61.0,0,1,1123
361,727736629318852608,ojuade kazeem,"Ile-ife, osun state",554.0,696.0,0,1,1113
362,4257974593,OkaMe,,554.0,846.0,0,1,1113
363,2961829641,Det sunda fÃ¶rnuftet,,543.0,397.0,0,2,1101
364,2389585525,Gunamoni Phukan,"Pune, India",548.0,1325.0,0,1,1101
365,22899503,â›ˆ,"Melbourne, Australia",546.0,912.0,0,1,1097
366,883532046672515072,HeatherIAm,"New York, USA",539.0,348.0,0,1,1083
367,814815309987123203,ğŸŒŸ ğŸ‡ºğŸ‡¸ Shine4Q ğŸ‡ºğŸ‡¸ ğŸŒŸ,The great state of Texas,536.0,611.0,0,1,1077
368,1172217012,Peter Zwiefelhofer (MED),PÃ¥ behÃ¶rigt avstÃ¥nd.,532.0,754.0,0,1,1069
369,1024213146,Lynne Yandura,"Georgia, USA",530.0,596.0,0,1,1065
370,231768348,Ahmad Shiddiq N,,522.0,534.0,0,1,1049
371,1901070139,Gaurav Rawat,"Gurgaon, Haryana",522.0,164.0,0,1,1049
372,721388641,steph,"Ventura, CA",520.0,283.0,0,1,1045
373,999326288728018945,Wilkins Sr Timothy,United States,518.0,4985.0,0,1,1041
374,953158662,Amir H.Hussaini,Kabul - Afghanistan,510.0,477.0,0,1,1025
375,942558433387061248,â›ˆï¸â›ˆï¸RainyDarkCloudâ›ˆï¸â›ˆï¸,"PNW, back 40",503.0,350.0,0,2,1021
376,217646687,Nobody,India,506.0,1541.0,0,1,1017
377,495134177,Jan Broeks,Brussel & Bennekom,505.0,608.0,0,1,1015
378,203296291,William Salvo,DC Metro Area,503.0,2551.0,0,1,1011
379,704145416103694337,Aavaros confirmed for Smash,a shithole,496.0,371.0,0,1,997
380,986967714332925953,Dark White,,495.0,529.0,0,1,995
381,1053184638628360192,"Deepak Vats(PRINCIPAL OF RGKA BELHI, SUPAUL),","New Delhi, India",492.0,69.0,0,1,989
382,4376426973,Paul Vetti.,,490.0,325.0,0,1,985
383,1671345938,northfairoaks,#HYPHYMOVEMENT,490.0,382.0,0,1,985
384,243680352,satish. G#IndiawantsRevenge,"Jamboo dweepe, Bharatavarshe, ",489.0,320.0,0,1,983
385,600838891,Rakesh Kumar,"Patna, India",488.0,892.0,0,1,981
386,996843595805097984,Deepak Kumar,Gurugram ,485.0,521.0,0,1,975
387,852219900,ioannina,Indonesia,475.0,713.0,0,2,965
388,706419329034641409,Maaz,Somewhere; Earth,478.0,350.0,0,1,961
389,19201225,Tom Court,"Edinburgh, Scotland",471.0,264.0,0,1,947
390,999134574738206722,EM YOO,TWICELAND,469.0,452.0,0,1,943
393,873592111098204162,Sean Churchill,Third Coast,466.0,2024.0,0,1,937
391,1026660483267350528,kim_VantaeğŸ’œ,Republic of the Philippines,466.0,1039.0,0,1,937
392,281048468,Awuku Seth Darko,,466.0,657.0,0,1,937
394,4243744577,Jeanine X,,456.0,381.0,0,2,927
395,284879131,crybaby,,460.0,284.0,0,1,925
396,704443419150688256,vrinda,"London, England",456.0,2669.0,0,1,917
397,1470586742,Monique,"Vancouver, BC",456.0,529.0,0,1,917
398,551312105,Saleheim,Nederland,454.0,1292.0,0,1,913
399,21131557,bslate,United States,443.0,508.0,0,2,901
400,2517156500,Daphnee Cook,,448.0,594.0,0,1,901
401,1022722622377869314,Digvijay Singh ğŸ‡®ğŸ‡³,India,445.0,399.0,0,1,895
402,726725974709121024,Patrick Githiga,Tomorrow ,442.0,11.0,0,1,889
403,718701414789357568,CarlosDanger6969,"Fort Devens, MA",437.0,3324.0,0,2,889
404,983203516222263296,Ø§Ø±Ù…Ø§Ù†,British Dominion of Pakistan,440.0,396.0,0,1,885
405,275665331,Venkateswarlu PğŸ‡®ğŸ‡³,"Hyderabad, India",432.0,2528.0,0,2,879
406,995075112863969280,Arslan Ahmad Khan,Pakistan,430.0,319.0,0,2,875
407,3045827456,Lemybellsâ¤,Pasig City,429.0,578.0,0,1,863
408,132833105,ğ”ğ”ªğ”¶,Lille 3,423.0,95.0,0,1,851
409,83702260,KING,"Tennessee, USA",416.0,1106.0,0,1,837
410,1069078277967540224,ITS MY BDAY ğŸ’œğŸ’œPLZ HELP ME WITH NY DEAL...PLZ,Sobbing in the 13430th corner,415.0,635.0,0,1,835
411,27303377,Selena,United States,414.0,1801.0,0,1,833
412,793554228,Inderpal S Dhunna,"Ludhiana, india",413.0,1314.0,0,1,831
413,570016373,paulomipatel,"Anand, India",413.0,515.0,0,1,831
414,997128535788654593,Supradip Sen,West Bengal ,413.0,1582.0,0,1,831
415,269112698,charlie // å•†,arrowverse,411.0,660.0,0,1,827
416,859554653943541761,Insane Cheeto,,411.0,1817.0,0,1,827
417,885305647,Family V,,409.0,574.0,0,1,823
418,118506003,Roelf Turksema,Holland,406.0,802.0,0,1,817
419,1085619738867306497,- Í€Ì—lia feat myung jun ğŸ¯,"dean, xeno-t, shinee, nct ğŸ’›",405.0,1227.0,0,1,815
420,1061543593872146432,#DefendRojava,,403.0,254.0,0,1,811
421,930700158647578629,jiseldysorto#NT â¤â¤â¤â¤,Honduras,402.0,1198.0,0,1,809
422,110231113,Donovan Denyssen,"Boksburg, South Africa",400.0,804.0,0,1,805
423,152389029,Jim Ruffalo,,393.0,155.0,0,2,801
424,1051799613588549632,hassan nasrallah is my godfather,Moscow,391.0,264.0,0,2,797
425,1063650956544565248,Ehmede Xani,,391.0,1008.0,0,1,787
426,730710401973788672,à¤µà¤¿à¤µà¥‡à¤• à¤¸à¤¿à¤‚à¤¹,"Varanasi, India",389.0,188.0,0,1,783
427,1518049338,Wholesome Hoe,,388.0,408.0,0,1,781
428,876548359703678981,SPQR,,387.0,338.0,0,1,779
429,91062231,AAP ka Baap,"Munich,Germany",386.0,250.0,0,1,777
430,965559331,Brooke Wiltâ™Š,Caliâ˜€ï¸ğŸğŸŒŠ,385.0,498.0,0,1,775
431,50686423,amir,Nigeria,382.0,1266.0,0,1,769
432,423169526,Sajith Sasidharan,,378.0,974.0,0,1,761
433,1580846659,Dr Devashish,"Bagh Muzaffar Khan, Agra",376.0,780.0,0,1,757
434,3122484062,maggz ğŸ‡«ğŸ‡²,minding my business,371.0,553.0,0,1,747
435,825812768,carlabaruch,Nederland,370.0,321.0,0,1,745
436,703603346200993792,jirinaS,East Europe,369.0,887.0,0,1,743
437,2389154132,miss you,,369.0,955.0,0,1,743
438,943229034812624896,Franck,France,367.0,399.0,0,1,739
439,103687718,Neysa Smith,Arizona,362.0,648.0,0,1,729
440,2933092680,Kunal Sharma,,362.0,90.0,0,1,729
441,949010437949022215,kamal darvish,Germany,354.0,297.0,0,2,723
442,1024067503809548288,Inglorious Bastardos,,341.0,403.0,0,4,717
443,759000344047198212,JAI SHRI RAM,India,353.0,378.0,0,1,711
444,612868747,Edoardo Crivellaro,Roma-Modena,350.0,628.0,0,1,705
445,2896141477,AaliyahArbanae,,339.0,400.0,0,2,693
446,953946379558137856,LadyGloss,,342.0,1164.0,0,1,689
447,210913208,Comunista de iPhone,B-A-D,341.0,163.0,0,1,687
448,1051532683250143232,Mobina.mj18,Islamic Republic of Iran,339.0,285.0,0,1,683
449,916384755733663744,.eMILY,"Lake Charles, LA",339.0,521.0,0,1,683
450,2500616054,ğ©ğ«ğ¢ğ¬ğœğ¢ğ¥ğ¥ğš áƒ¦â€™ğ¬ ğğ¨ğ°ğ¨ğ¨ğ§,bts/shinee/nct/svt/day6/skz+,338.0,299.0,0,1,681
451,4695782245,Abhishek Nayak,,338.0,262.0,0,1,681
452,2307873010,St. Jawn the Baptist,Bay Area,333.0,2303.0,0,2,681
453,2758371441,Bonitas Buzz,,332.0,3352.0,0,2,679
454,1297052683,Harold Wicks,,336.0,1053.0,0,1,677
455,1059084749321383937,ğ¦ğšğ¢ â™¡ ğ£ğšğğ¦ğ¢ğ§,ncity,331.0,435.0,0,1,667
456,1092658703059189760,Ğ¼Î¹Ğ¸ Ñ•Ï…gÎ±'Ñ• âˆ‚Î±Ñƒ Î¹Ñ• Â¢ÏƒĞ¼Î¹Ğ¸g,bangtan boys,329.0,717.0,0,1,663
457,1059872195214798848,ğŸ‡®ğŸ‡¶ ×‘×™×’ ×“×“×™ ×¤××•×–×™,Middle Weast,328.0,249.0,0,1,661
458,931225519730896896,901ShelbeyDr,"Texas, USA",320.0,284.0,0,2,655
459,3270431881,Karreolasâ˜˜ï¸ğŸŒ»,"Tijuana, Baja California",323.0,851.0,0,1,651
460,970328825518313472,Hafeez,Kuwait ,320.0,223.0,0,1,645
461,886207554409443330,David Long Courtney,Earth,317.0,67.0,0,1,639
462,394570074,Hunter Gatherer,"Riyadh, Kingdom of Saudi Arabi",315.0,143.0,0,1,635
463,3348029566,Mar ğŸ‡µğŸ‡¹,ğŸ¡â†¯à£§ hope worldâ™¯ğŸ‡µğŸ‡¹,313.0,319.0,0,1,631
464,745894077988757504,gemelos,562,312.0,419.0,0,1,629
465,934345886812872705,Fi~chan,Indonesia,312.0,720.0,0,1,629
466,1079365907783143424,cha,,309.0,392.0,0,1,623
469,166806723,Rei Saverem,Between Realities ~ Kazuya-Rei,302.0,2371.0,0,1,609
470,16036756,Anurag,Bangalore,297.0,292.0,0,2,609
468,737273232269705216,SunSunshine,FÃ¶derierte Staaten von Mikrone,297.0,2321.0,0,2,609
467,843402553870245888,S a h u Vikas Teliia { à¤¨à¤®à¥‹ à¤¨à¤®à¤ƒ },à¤¹à¤¿à¤¨à¥à¤¦à¥‚à¤¸à¥à¤¥à¤¾à¤¨,302.0,357.0,0,1,609
471,1058057356066676736,k.,,301.0,617.0,0,1,607
472,3298733753,jaymeeğŸ’•,"Washington, DC",300.0,245.0,0,1,605
473,66458310,Sylvia1403,,297.0,314.0,0,1,599
474,2938983090,Noman Ahmad,Multan,297.0,256.0,0,1,599
475,735022777,seyfi imamoglu,antalya,293.0,944.0,0,1,591
476,2435374410,Avaneesh Nirjar,,293.0,190.0,0,1,591
477,807548858901340160,Francesco Mennillo,"Marigliano, Campania",292.0,699.0,0,1,589
478,129080895,Sudipto Roy,Kolkata,291.0,329.0,0,1,587
479,114176678,Abhishek roy,,291.0,710.0,0,1,587
480,744915488690610176,Subhash Negi,Delhi,289.0,854.0,0,1,583
481,767064045069283329,Vams,"Bengaluru,Koppal, India",288.0,826.0,0,1,581
484,784286875,AAR,,286.0,274.0,0,1,577
482,955623021859016706,AnitağŸ’š,,286.0,409.0,0,1,577
483,201659850,manish.d.bohra,"Dehradun, India",286.0,679.0,0,1,577
485,2833141645,David Snavely,"California, USA",282.0,99.0,0,1,569
486,45439914,Audrey | A Chillimansi Mix,Anywhere But Here,281.0,197.0,0,1,567
487,786929619672772608,Sunshine,"Pensacola, FL",280.0,637.0,0,1,565
488,1641063535,Nuestro Imposible ~,"Entre RÃ­os, Argentina",279.0,509.0,0,1,563
489,758787000694673408,Volkhaven,,273.0,280.0,0,2,561
490,3080125591,bribri,south pole âš,278.0,209.0,0,1,561
491,3019330468,CINDYYYğŸ‘„.,"Van Nuys, Los Angeles",278.0,221.0,0,1,561
492,783811014445891584,Tee,,272.0,320.0,0,2,559
493,171937129,Kamran A. Mahar,"Pano Akil/Karachi, Pakistan",277.0,424.0,0,1,559
494,995700904207630336,sanil_ranjith à²°à²‚à²œà²¿à²¤à³ à²¸à²¨à²¿à²²à³,"Mangalore, India",276.0,431.0,0,1,557
495,87235768,lovely sethi,"Faridabad, India",275.0,522.0,0,1,555
496,1000927417,Rubia,,274.0,297.0,0,1,553
497,235732343,Santana_Olggi,"Santiago, Chile",271.0,1565.0,0,1,547
498,172123794,SchrÃ¶dingerâ€™s Necromancer,"District of Columbia, USA",265.0,360.0,0,2,545
499,967556817822801921,ğŸŒ¸â†ªyoonie,á”‘á—©á—¯Â á—·á¢á”‘ | 02.10.2019 ,270.0,419.0,0,1,545
500,351930624,Eder Meza,Where I want to be,268.0,473.0,0,1,541
501,767542519550709761,KumaminğŸ£ft.km,,267.0,1686.0,0,1,539
502,954653076907950081,baby ğŸ’‹â¤ğŸ’•,makem & jalukie & mogu,266.0,1710.0,0,1,537
503,1002709989553819648,Dante Robles,"Houston, TX area",265.0,272.0,0,1,535
504,1866558138,davo,Australia,265.0,409.0,0,1,535
505,3243458826,KIE ğŸ’‹,,265.0,322.0,0,1,535
506,362533899,Curb your theism,"England, United Kingdom",265.0,507.0,0,1,535
508,2938045247,Vili Ross,Netherlands/Bulgaria,264.0,265.0,0,1,533
507,239063081,abhishow.....,"Chandigarh, India",264.0,547.0,0,1,533
509,24125804,hk. george,up in the air,263.0,250.0,0,1,531
510,1036892161197858817,Praveen Singh,India,261.0,540.0,0,1,527
511,2517336602,ã“ã¾ã¡,,259.0,333.0,0,1,523
512,892623264295550977,irshadbrohi733@gmail,"Hyderabad, Pakistan",259.0,210.0,0,1,523
513,154326740,Keops Den II ğŸ‡µğŸ‡¸,"AndalucÃ­a, EspaÃ±a",258.0,912.0,0,1,521
514,1650583003,Rolf Muijtjens,"Nairobi, Kenya",251.0,667.0,0,2,517
515,71504828,ä¸Šæ‰ã¡ã‚ƒã‚“,ã¨ã«ã‹ãæ˜ã‚‹ã„ã‚¨ãƒ­æ‘,255.0,217.0,0,1,515
516,795403662382219264,Zen Loon,Nova Anglia,249.0,1865.0,0,1,503
517,387641193,Hannah,"London, UK",248.0,428.0,0,1,501
518,992839678880514050,TinaCrivelli,,241.0,639.0,0,2,497
519,54386469,Daniel ShawğŸ‡ºğŸ‡¸,"Lexington, KY",243.0,197.0,0,1,491
520,431862959,Arie Hordijk,Ede,236.0,157.0,0,2,487
522,1031580717677854722,@KaddyMessage,,240.0,87.0,0,1,485
521,881585886,sheetal singh,new delhi,240.0,2788.0,0,1,485
523,757592935323926528,"Mustafa, A Forgotten Refugee",Pekanbaru Indonesia Since 2014,239.0,577.0,0,1,483
524,901351322011615233,Thats Bharat,"Chennai, India",237.0,1934.0,0,1,479
525,936578335945183232,CarolAnneMartin,"Washington, England",235.0,202.0,0,1,475
526,790543846975213570,Hikikomori,Here ,234.0,781.0,0,1,473
527,920593534306144256,fromis bot â™¡,run by @yunvely,230.0,11.0,0,1,465
528,4756498100,TheSauceâ™ï¸,Where The Wild Things Are,229.0,107.0,0,1,463
529,2908326967,RamkrishnaChaube,India,227.0,616.0,0,1,459
530,1014492348879736832,BJ,"Manila City, National Capital ",223.0,198.0,0,1,451
531,1092145041248845824,Djana,,223.0,338.0,0,1,451
532,265560609,Kush P Patel,ahmedebad,222.0,771.0,0,1,449
533,991552655813160961,Christian P.,"New York, NY",222.0,2106.0,0,1,449
536,995319704695771137,Question_Everything,,216.0,433.0,0,1,437
537,108555285,à¤¸à¤‚à¤œà¥€à¤µ,,216.0,476.0,0,1,437
535,789297431976382464,MZ,Kelantan,216.0,641.0,0,1,437
534,763760957671759872,What_on_earthâ€™s_going_on?,,216.0,835.0,0,1,437
538,776482784097529858,b swervooo ï£¿,773 âœˆï¸ 260,215.0,183.0,0,1,435
539,839157942486183937,Free Live Sex Chat,"ĞœĞ¾ÑĞºĞ²Ğ°, Ğ Ğ¾ÑÑĞ¸Ñ",213.0,6.0,0,1,431
540,784490205789188096,JC Denton Bot,"Vandenberg Air Force Base, CA",212.0,7.0,0,1,429
541,852752907145420800,Love you so bad | Addicted to life,Heart of Bangtan Sonyeondan,209.0,462.0,0,1,423
542,205172370,GANESH PRASAD PANDEY,India,206.0,125.0,0,1,417
543,728681514465034244,javier,,205.0,170.0,0,1,415
544,1038376965902757889,just want y'all to know if,gg4eva,204.0,348.0,0,1,413
545,2425277431,Said Rafique,Pakistan,197.0,358.0,0,2,409
546,1262228401,SINGULARITAEğŸ¯ğŸ’™ğŸ’œ,"Gangnam-gu, Republic of Korea",201.0,375.0,0,1,407
547,157216025,ã‹ãŠã‚Šã‚“,é³¥å–,199.0,138.0,0,1,403
548,908041537786863616,mariel @ uni ğŸ’œ,â€˜96 ; she/her ,197.0,775.0,0,1,399
549,828126761661591557,Arvind,,196.0,0.0,0,1,397
550,1054743681549385730,Mirage Flidders,"Cambridge, England",195.0,847.0,0,1,395
551,1898851668,Sandeep Jain,India,194.0,232.0,0,1,393
552,1067833747108556800,Suraj Chauhan,,193.0,2643.0,0,1,391
553,2326576957,vijay dhola,à¤­à¤¾à¤°à¤¤,190.0,391.0,0,1,385
554,1052138775500021760,THE DAILY XPERTâ„¢,"Hawaii, USA",189.0,437.0,0,1,383
555,358651737,saroj indian,,187.0,1141.0,0,1,379
556,957348931465170944,jawed alam,Saheb Pur Kamal,185.0,54.0,0,1,375
557,2176753512,Theodora Crain,"VitÃ³ria, Brazil",184.0,685.0,0,1,373
558,1051114725453393921,ğŸ˜â˜˜ Ù‚Ù„Ø¨ÙŠ Ø®Ø¶Ø± â˜˜ğŸ˜,Ø¯ÙˆÙ„Ø© / Ø¯ÙˆØ¯Ø©ğŸ› ØºÙŠÙ†ÙŠØ§ ,182.0,52.0,0,1,369
559,143562041,Gus Gray,,180.0,1343.0,0,1,365
560,1699643172,Muhammad Sajjad,"Lahore, Pakistan",180.0,62.0,0,1,365
561,4612115652,Rajan Bhardwaj,,179.0,445.0,0,1,363
562,1053204773242130432,Red Queen,,177.0,755.0,0,1,359
563,239255114,jose climaco,"Denver, Co",176.0,459.0,0,1,357
564,1236807678,LomafuNdonga,"Pietermaritzburg, South Africa",176.0,304.0,0,1,357
565,1172047537,MeenakshiTripathiâ˜º,GURGAON,174.0,100.0,0,1,353
566,271334644,beside.,,174.0,192.0,0,1,353
567,1065910998308085761,AC,,173.0,225.0,0,1,351
568,2908801578,ISISãƒ»ã‚¤ã‚¹ãƒ©ãƒ å›½ã¸,,167.0,181.0,0,2,349
569,198983456,Aramis,,171.0,424.0,0,1,347
570,1023239786256125954,Sumer Singh,"Delhi, India",167.0,460.0,0,1,339
571,1091463830197207040,Vande Mataram ğŸ‡®ğŸ‡³,Hindustan,166.0,581.0,0,1,337
572,1034385468908097536,Spider,"Pennsylvania, USA",166.0,83.0,0,1,337
573,74356976,Prajob Subran,"New Delhi, India",160.0,360.0,0,2,335
574,999604627866771456,UST supporter,,164.0,226.0,0,1,333
575,911933832068075520,Pilot,"Queensland, Australia",161.0,277.0,0,1,327
577,1080577829287407622,Gkc,,158.0,65.0,0,1,321
576,897438936561315841,orbisnjus,,158.0,260.0,0,1,321
578,714200103544877058,Eddie ××“×™ Ø¹ÙŠØ¯ÙŠ,"England, United Kingdom",156.0,407.0,0,1,317
579,2987916699,CeyhanlÄ±,,154.0,1863.0,0,1,313
580,1018490196763947008,Ù‹pro baejoo.,wanna one â™¡,139.0,81.0,0,4,313
581,965646806884470785,ğŸ‡µğŸ‡° WaPlarka,"Islamabad, Pakistan",149.0,239.0,0,2,313
582,809840678406594563,Varte,,151.0,378.0,0,1,307
583,999352065255239680,ğŸ’šğ•‹ğ•ªğ• ğ•Ÿğ•˜ğ•šğ•–'ğ•¤ ğ•ƒğ• ğ•§ğ•–ğŸ’š #NCTzenForever,In a lil apartment bcs broke,151.0,595.0,0,1,307
584,2794589574,#BharatUnited,you will find soon,150.0,301.0,0,1,305
585,737909060712992768,à¤‰à¤¡à¤¼à¤¤à¤¾ à¤¤à¥€à¤° ğŸš€â†—ï¸,,150.0,213.0,0,1,305
586,832631635388403713,tili,,148.0,179.0,0,1,301
587,4745027741,Mizer Hunt,,148.0,643.0,0,1,301
589,1497265261,suzanneğŸ–Œ,"Melbourne, Victoria",146.0,420.0,0,1,297
588,772037036916158464,Yuma. âœŒ,,146.0,104.0,0,1,297
590,859072123142197250,seagull_ë…¸ì¸„,Malaysia,145.0,293.0,0,1,295
591,970322735661334528,Diamond,"Ontario, Canada",142.0,381.0,0,1,289
592,930338258525007877,*APRIL 2019*,,141.0,380.0,0,1,287
593,1056001910254133248,PunishedSO  ğŸ‡ºğŸ‡¸âƒ  ğŸ‡®ğŸ‡±âƒ ,Grand Canyon âœˆï¸ Saratoga NY,139.0,314.0,0,1,283
594,937461815235235840,Marcy_Jeon137,"Tokyo, Japan",139.0,238.0,0,1,283
595,765073811116961792,Seinnn,Somewhere in Sabah,139.0,296.0,0,1,283
596,731124181040017410,Don Winslow,"Philadelphia, PA",134.0,215.0,0,2,283
597,471060605,bezoekme,,139.0,39.0,0,1,283
598,586726331,WICKED RAGE VOID SLACKER,,139.0,113.0,0,1,283
599,739810268331577344,Anish Kumar,"Bhiwani, India",138.0,183.0,0,1,281
600,1006828768231608320,UpaSna ThaKur,#Rampur_Himachal_Pradesh,133.0,20.0,0,2,281
601,953451482443124736,DrFeelgood,"Washington, DC and Kabul, AFG",132.0,86.0,0,2,279
602,830492445708271617,Nasir A. Khan,,136.0,843.0,0,1,277
603,145883404,dashojau,"San Gabriel, La Union, PH",136.0,570.0,0,1,277
604,795464414874910720,wiramanz,Wilayah Persekutuan Kuala Lump,135.0,352.0,0,1,275
605,808554780456931328,Dee,Malaysia,135.0,118.0,0,1,275
606,817265052541599745,Neil Hough,"Salford, England",129.0,798.0,0,2,273
607,1063679077,I'm Patman,,133.0,130.0,0,1,271
608,1079850034760507392,Moonwalker,,132.0,162.0,0,1,269
609,1332295304,Helena Jones,Borrowash Derbyshire ,132.0,320.0,0,1,269
610,1001550321896820737,á´‡Ê€ÉªÉªğŸŒ™,,132.0,326.0,0,1,269
611,145154180,Dinkar,"Bengaluru, India",132.0,268.0,0,1,269
612,206562614,PAUL ALEXANDER,Northamptonshire,131.0,645.0,0,1,267
613,1054642106894028800,â€¢PANDAâ€¢ ğŸ¼,"Treinta y Tres, Uruguay",130.0,179.0,0,1,265
615,1093877909004083201,Gabe,,129.0,402.0,0,1,263
614,226525005,harpreet singh,Delhi,129.0,512.0,0,1,263
616,938900821944582145,ã‹ã˜ãã±ã‚“ã ï¼ˆè“„ãˆãªã„ï¼‰,,128.0,1023.0,0,1,261
617,1209497882,the wheel fell off,North West,127.0,1109.0,0,1,259
618,891044897641439234,MrsK.,Long Way From Home,127.0,262.0,0,1,259
619,567601927,Un Jong Kim,CÃ”TE D'AZUR ,122.0,190.0,0,2,259
620,706653362834448384,Tony8591,"Whittier, CA",127.0,571.0,0,1,259
621,925982087517167616,Hanna|| rt my pinned tweet and my sister rt,"Cabuyao, Calabarzon",127.0,423.0,0,1,259
622,4348817417,ğŸ‡µğŸ‡±TRATOâœŒ,,126.0,99.0,0,1,257
623,232420683,#StarfishPrime,India,121.0,1335.0,0,2,257
624,910540239025917952,CloÌ¸Ã© ğŸ†‘,France,125.0,196.0,0,1,255
625,2772892855,Sattar Amin ( Ù‡ÙˆØªÙƒ ),Eastern Afg . Southern Sweden,125.0,163.0,0,1,255
627,149570912,Jonathan Engel,paris,124.0,137.0,0,1,253
626,1045284197580115968,jona kalberg,,124.0,405.0,0,1,253
628,2965120834,xiyab khan,peshawer ,123.0,203.0,0,1,251
630,1964726389,KeswaniVarshaa,Mumbai India,122.0,494.0,0,1,249
629,3040459885,hussam,,122.0,48.0,0,1,249
631,1000821763700416519,David Gonzalez,,121.0,1086.0,0,1,247
632,1081254974951251969,@benice,Ilocoa,120.0,441.0,0,1,245
633,318855711,paul sharp64,closer than you think.,120.0,422.0,0,1,245
634,49058024,Julius!,The North of England,119.0,139.0,0,1,243
635,2933565142,Truus,"Vlissingen, Nederland",113.0,489.0,0,2,241
636,375575543,Jeff Hollinger,,118.0,570.0,0,1,241
637,1053717290112315392,SushğŸ¯ğŸ‡®ğŸ‡³,"Haryana, India",113.0,84.0,0,2,241
638,2911385220,i been needed lotion,,118.0,660.0,0,1,241
639,35537285,Michael,,117.0,298.0,0,1,239
642,241105963,BÃ¡n,Ireland,116.0,337.0,0,1,237
640,936399821862182912,Norma F Lakshin,,111.0,97.0,0,2,237
641,446911528,Bipin Shukla,New Delhi,116.0,250.0,0,1,237
643,804025813,SHESH SRIVASTAVA,à¤²à¤–à¤¨à¤Š ,114.0,80.0,0,1,233
644,741540263349391360,Cheyenne Marie,"Illinois, USA",112.0,158.0,0,1,229
645,159727351,Sarah,United States,112.0,945.0,0,1,229
646,854773263750184960,Barb,,111.0,37.0,0,1,227
647,1088499343819186178,BIGA,,110.0,100.0,0,1,225
648,3018305111,ãƒ¤ãƒã‚¤ãƒ‹ãƒ¥ãƒ¼ã‚¹,,110.0,662.0,0,1,225
649,1049168156365922304,Î·Ä±ck,,109.0,180.0,0,1,223
650,767688834049900544,rajmani Rajan,,108.0,197.0,0,1,221
651,4012620383,Abdeslam Baraka,Morocco,106.0,500.0,0,1,217
652,239272637,Cat008101,"Western Australia, Australia",104.0,881.0,0,1,213
653,1123953746,ClaudiağŸŒ¹,"Somewhere With Tacos, TX",102.0,88.0,0,1,209
654,1052665354919370752,1corinthians5,,96.0,203.0,0,2,207
655,2653484362,borst de,,101.0,92.0,0,1,207
656,759098773540864000,KMarxette,Scotland,95.0,54.0,0,2,205
657,2895189816,D.P.Sharma,"Jaipur, , Kolkata , MumbaiğŸ‡®ğŸ‡³",100.0,165.0,0,1,205
658,634430890,keadilan dihati,,97.0,302.0,0,1,199
659,1060461384457015296,ã‚¸ãƒ³ãƒ‹ãƒ ã®çª“æ‹­ã,,96.0,249.0,0,1,197
660,56105768,....,"Melbourne, Victoria",96.0,475.0,0,1,197
661,2279109236,Petri,,96.0,240.0,0,1,197
662,385307752,Tony Garnett,Innisfail QLD AUS,90.0,368.0,0,2,195
663,952914250170855424,haydaryar,Kabul,89.0,311.0,0,2,193
664,346271743,Olle. ğŸ‡¸ğŸ‡ªğŸ»â™‚ï¸,"Stockholm, Sverige",93.0,170.0,0,1,191
665,728888121316646914,RT PINNED TWT PLSğŸ“ŒğŸŒ¸,,87.0,172.0,0,2,189
666,798054080,MontseTeres,,86.0,326.0,0,2,187
667,70471053,Fahad,"Hyderabad, India",90.0,74.0,0,1,185
668,1094200513720008705,c[h]oi., ğŸš¬ ,79.0,77.0,1,2,180
669,940853290732085248,Deepak,"Chandigarh, India",87.0,93.0,0,1,179
670,883521926408417280,Velvet,"New York, NY",87.0,431.0,0,1,179
671,415019399,Aditya Gupta,New Delhi,82.0,162.0,0,2,179
672,872736897172373504,Chrisss ğŸ‘¹ğŸ‡¸ğŸ‡»,"North Lauderdale, FL",86.0,711.0,0,1,177
673,4325188223,Diavoloâ€™s Missing Wig @SCP containment breach,Brunos Boobie,85.0,902.0,0,1,175
674,776014979698823168,bawli buch,"Dehra Gopipur, India",85.0,206.0,0,1,175
675,969575863,à¤…à¤•à¥à¤·à¤¯ Verma,Meerut City,84.0,235.0,0,1,173
676,226896723,viraj bhardwaj,,84.0,1039.0,0,1,173
677,2656871497,Robert Swartling,"Stockholm, Sverige",84.0,180.0,0,1,173
678,903389484,Mr. ParasharğŸ‡®ğŸ‡³,IndiağŸ‡®ğŸ‡³,77.0,865.0,0,2,169
679,32708531,Christie Love,"Seal Beach, CA",80.0,571.0,0,1,165
680,1071867688186605568,Brielle Marquez,"Bakersfield, CA",79.0,185.0,0,1,163
681,803404043511091200,Shambhoo,,74.0,644.0,0,2,163
682,1089425819846524929,Brown Sugar BabeğŸ˜‰,,78.0,93.0,0,1,161
683,881746273593958400,soleil fÃ©ministe,,78.0,145.0,0,1,161
684,942720568318726144,Ice,,77.0,1685.0,0,1,159
685,470999569,Annemiek Both,tilburg,76.0,77.0,0,1,157
686,1591565546,Nonbiri Fukenkou,JAPAN,76.0,128.0,0,1,157
687,2553517952,alex,,76.0,33.0,0,1,157
688,1095280118023344128,[h]gandang yeeun,ğŸš¬  ; martingale,75.0,82.0,0,1,155
689,815503088563982336,someone71,,74.0,91.0,0,1,153
693,703505084,Fadi van der Hey Gurl,"Amsterdam, The Netherlands",73.0,67.0,0,1,151
692,246226192,KUMAR GAURAV,Delhi,73.0,947.0,0,1,151
691,763981420960153600,ğŸŒ»,,73.0,59.0,0,1,151
690,1419172566,Johanna Gonzalez-Cos,,73.0,223.0,0,1,151
694,1088748639349100544,MariMario,,67.0,133.0,0,2,149
695,65853818,chandra sheel,"Kota, India",72.0,116.0,0,1,149
696,858675710583590914,Connor Wallace,,70.0,259.0,0,1,145
697,2862754436,Ismail,"Punjab, Pakistan",69.0,1015.0,0,1,143
698,1004513451916517376,Cliiiir âš¡ï¸,,67.0,86.0,0,1,139
699,4861054368,Lizz Saito,"SÃ£o Paulo, Brasil",67.0,341.0,0,1,139
700,3312782773,Bryant Adleson,,61.0,337.0,0,2,137
701,2220143370,à¹€à¸‡à¸²à¹à¸„à¹‰à¸™à¸”à¸²à¸§à¹ƒà¸ˆ â™¡,à¸™à¹‰à¸­à¸‡à¹€à¸•à¸™à¸¥à¹Œ ten ææ°¸é’¦ ,65.0,394.0,0,1,135
702,1026276658066542592,Janelle âœ¨,,63.0,91.0,0,1,131
703,1043109539061620736,Saqlain,"Punjab, Pakistan",60.0,441.0,0,1,125
705,800764073927286784,Dany Lunagon,,59.0,187.0,0,1,123
704,2358329041,Matii Parentis,,59.0,121.0,0,1,123
706,1047283373692137472,Mr.Boi,"Boi, Nigeria",58.0,28.0,0,1,121
707,923780616646201346,Per Aaskov Karlsen,,57.0,68.0,0,1,119
708,2518076431,Nice,"Mumbai, India",56.0,75.0,0,1,117
709,798771835282165761,Agnideep Paul,"Bengaluru South, India",55.0,218.0,0,1,115
710,1039156620348022784,CA à¤µà¤‚à¤¦à¤¨ à¤¸à¤¿à¤‚à¤¹ ğŸ‡®ğŸ‡³,"à¤œà¤¯à¤ªà¥à¤°, à¤­à¤¾à¤°à¤¤ ",54.0,392.0,0,1,113
711,998782720024068096,Aman Aggarwal,"Meerut, India",54.0,124.0,0,1,113
712,732560639202185217,kimchi fried rice,ph,53.0,379.0,0,1,111
713,1009361337439408128,PS ğŸ‡¸ğŸ‡ª,"Stockholm, Sweden",53.0,120.0,0,1,111
714,978414590663913472,Sage Jayflight,Skull Town,51.0,62.0,0,1,107
715,1003280117898997761,à´…à´­à´¿à´¨à´¯àµ à´šà´•àµà´°à´µà´°àµ Abhinay Chakravarti à¤…à¤­à¤¿à¤¨à¤¯ à¤šà¤•à¥à¤°à¤µà¤°à¥à¤¤à¤¿,,51.0,190.0,0,1,107
716,151864235,GURU NISHAD,"Delhi, India",51.0,92.0,0,1,107
719,2765771368,"Dan, Danny, Daniel..","Leeds, England, EUROPE",50.0,166.0,0,1,105
718,824753039349256193,Picture Architect,"Maryland, USA",50.0,121.0,0,1,105
717,859966749482991616,Mir,Kepler,50.0,28.0,0,1,105
720,2456136030,Nerd Agent,"Oregon, USA",47.0,208.0,0,1,99
721,1013757367333224448,wise man,a place near you.,46.0,523.0,0,1,97
722,727341802915811328,KAYVYYâœ¨,,46.0,251.0,0,1,97
723,741820460,ğŸ”±KayteğŸ”±,,45.0,355.0,0,1,95
724,60737629,Carole Stephan,,45.0,35.0,0,1,95
725,890087504610832386,a-t-s,,45.0,38.0,0,1,95
726,952686802745417730,Deep3y3s,Mars ,39.0,83.0,0,2,93
727,866093142654636032,2BEE,,44.0,151.0,0,1,93
728,810483208563216384,â€ ãºãºã†ã«â€ ,ãƒ†ã‚­ã‚µã‚¹ã‚³ãƒ­ãƒ‹ãƒ¼,44.0,74.0,0,1,93
729,1026974156569686016,Justine,"Lens, France",43.0,220.0,0,1,91
730,127812759,krishna,,37.0,31.0,0,2,89
731,1022364116571308032,proud_Hindu !,,41.0,131.0,0,1,87
732,4085851533,å°å„ªå¤ª,,35.0,104.0,0,2,85
733,1603439670,BS Hazari,Chennai;Calcutta-INDIA,40.0,68.0,0,1,85
734,971668784200249344,Amrish Kumar,,35.0,118.0,0,2,85
735,2383033729,Ricky ReyesğŸ,,40.0,123.0,0,1,85
736,893419454163329026,Daniella,"Dandenong, Melbourne",40.0,152.0,0,1,85
737,716107291989127168,âœ¨*sweats nervously*âœ¨,bed,39.0,1627.0,0,1,83
738,714425745792049152,Robert Burns,"Colorado Springs, CO",34.0,114.0,0,2,83
739,1341917983,Ankit | àª…àª‚àª•àª¿àª¤,Navsari,38.0,283.0,0,1,81
740,1009733216343810049,Draven Hazard,"Marysville, WA",37.0,95.0,0,1,79
741,803848891938566144,sanaz denturez,"Cleveland, OH",37.0,101.0,0,1,79
742,428467151,ÙØ§Ø·Ù…Ù‡,"New York, USA",37.0,51.0,0,1,79
743,2652107854,Rtr Rihan,India,36.0,370.0,0,1,77
744,800024590806319104,Leo Vainonen,,35.0,208.0,0,1,75
745,2519577260,à¤°Jà¤¨à¥€SH PAà¤£à¥à¤¡à¥‡Y,,30.0,75.0,0,2,75
746,1049026242115059712,danny,,34.0,113.0,0,1,73
747,3057289591,Hanski,,33.0,196.0,0,1,71
748,2449547197,kuldeep SinghChouhan,"Indore, India",32.0,46.0,0,1,69
749,4758871441,Rajput,India,27.0,108.0,1,1,66
750,1059622225920196608,JukeboxRedstone.exe,WHEN DOES THE CLUB SHUT ALL I WANT IS PIZZA I JUST WANT SOME PIZZA GOD IM REALLY DRUNK,30.0,19.0,0,1,65
751,911208343,Brian,,30.0,85.0,0,1,65
755,172498626,x x,,29.0,129.0,0,1,63
757,464713413,Daryl Gonzales,Philippines,29.0,85.0,0,1,63
756,207955224,Sweet Ars ğŸŒ¿,,29.0,202.0,0,1,63
754,867072696017879040,Mystic Gaming,UK,29.0,96.0,0,1,63
753,1042397858392154112,Malik Umar Khan,,29.0,26.0,0,1,63
752,284355394,Robert Klein,Los Angeles,24.0,300.0,0,2,63
758,1053888847375814657,chulititas,"Los Angeles, CA",28.0,63.0,0,1,61
759,832564907639922688,KIMë·”,BTS kingdom&RM as presidentğŸ›,28.0,65.0,0,1,61
760,2837838816,Kashmiri,,27.0,158.0,0,1,59
761,1057334721020084230,Jack Carter,,21.0,134.0,0,2,57
762,1094178952992612352,Midnight Turfers,,17.0,12.0,1,2,56
763,3358499765,Fatai Adetunji,"Lagos, Nigeria",25.0,575.0,0,1,55
767,831688795288317952,Sylphrena Stormblessed,"Sarawak, Malaysia",24.0,272.0,0,1,53
770,788824445561540608,RITESH PANDEY,"Mumbai, India",24.0,180.0,0,1,53
769,49501725,chong pyong son,ì„œìš¸,24.0,79.0,0,1,53
768,1093013045016702976,veer gahlot,"à¤¡à¤°à¤¤à¥‡ à¤µà¥‹ à¤¹à¥ˆà¤‚ à¤œà¥‹ à¤…à¤ªà¤¨à¥€ à¤›à¤µà¤¿ à¤•à¥‡ à¤²à¤¿à¤ à¤®à¤°à¤¤à¥‡ à¤¹à¥ˆà¤‚,
à¤®à¥ˆà¤‚ à¤¤à¥‹ à¤¹à¤¿à¤¨à¥à¤¦à¥à¤¸à¥à¤¤à¤¾à¤¨ à¤•à¥€ à¤›à¤µà¤¿ à¤•à¥‡ à¤²à¤¿à¤ à¤®à¤°à¤¤à¤¾ à¤¹à¥‚à¤,
à¤‡à¤¸à¤²à¤¿à¤ à¤•à¤¿à¤¸à¥€ à¤¸à¥‡ à¤¨à¤¹à¥€ à¤¡à¤°à¤¤à¤¾ à¤¹à¥‚à¤. #Narendarmodi",24.0,35.0,0,1,53
766,1002987189968560129,J_MO,Home,24.0,34.0,0,1,53
765,797647641777672192,Monster Reports,worldwide,24.0,1.0,0,1,53
764,1057870906935128064,Juan JosÃ©,"Ãlvaro ObregÃ³n, Distrito Feder",24.0,65.0,0,1,53
771,1079802390554075136,FrenchJeanGuy,"now +-Versailles, France",23.0,78.0,0,1,51
772,808486254,Dr.Vijay Amera,"Udaipur, India",23.0,42.0,0,1,51
773,1061627914297458688,biggie,,22.0,19.0,0,1,49
774,2876511571,dan parish,Detriot Mi,16.0,119.0,0,2,47
775,1027445132293894144,babyjoon,,20.0,54.0,0,1,45
776,1029164891112787968,barry nollin,,20.0,222.0,0,1,45
777,1038498066121285635,Mirianâœ,,15.0,31.0,0,2,45
778,1079086333589622784,Mary Lee,"Kentucky, USA",20.0,36.0,0,1,45
781,1017985325950472193,Nahuel Soto,"Posadas, Misiones ",19.0,59.0,0,1,43
782,862613471799771136,Apsar Sheik,Earth,19.0,124.0,0,1,43
783,1856510456,Neel M,"Gujarat, India",19.0,46.0,0,1,43
780,543920753,Rohit Chavan,,19.0,214.0,0,1,43
779,989506695629103112,hawaiian taegi ğŸ,bra(s)il,19.0,142.0,0,1,43
784,1004021154657570817,Brian Jenkins,"Amherst, NY",18.0,72.0,0,1,41
785,1004392620267798529,Kathryn Ewing,"New York, USA",17.0,63.0,0,1,39
786,1010495200085438470,Awadhesh,"Kolkata, India",16.0,43.0,0,1,37
787,1021014392589209600,ReeGar,,16.0,82.0,0,1,37
788,602512152,Daniel Diaz,,15.0,3.0,0,1,35
789,948250156650070016,Wiji Khan,Pakistan,15.0,65.0,0,1,35
790,1097167911276421120,Nurhak Engizek,,14.0,4.0,0,1,33
791,999699889901703168,BAlobeid,,14.0,4.0,0,1,33
792,2439751940,Anil Singh,,14.0,27.0,0,1,33
793,1043289087023570944,ãƒãƒ ã‚«ãƒ„ã®äºº,,14.0,13.0,0,1,33
794,1075163992920776704,Boricua97ğŸŒ¹,,13.0,95.0,0,1,31
795,49357888,amrendra kumar,,12.0,97.0,0,1,29
796,143905435,Julien Joseph,France,11.0,26.0,0,1,27
797,2480180346,rari,,10.0,14.0,0,1,25
798,808790804361834496,PatrickC,,10.0,165.0,0,1,25
799,1043634232516468736,True Katipunero,,9.0,48.0,0,1,23
800,1088495109522378752,Ibrahimdj,"Selangor, Malaysia",9.0,95.0,0,1,23
801,946761206785753089,Mayur Samant,"Ponda, India",4.0,11.0,0,2,23
802,1087726391947395073,LaRose,"Semarang, Jawa Tengah",9.0,9.0,0,1,23
803,1061899983895564289,Kevin,"Tallahassee, FL",8.0,126.0,0,1,21
804,1294794630,EGK,Belgium,8.0,32.0,0,1,21
805,138729878,against traitors,,8.0,114.0,0,1,21
806,1083275155961348096,Cacagumilar,,2.0,49.0,0,2,19
812,778294807613571073,NeverEmptyChest,,6.0,0.0,0,1,17
810,1074337470580449280,Gina,,6.0,102.0,0,1,17
811,998617486504345600,bultaoreugay,,6.0,188.0,0,1,17
808,360688080,Aon Sarawuth,"Bangkok, Thailand",6.0,493.0,0,1,17
809,3242497412,surajmohite,,6.0,123.0,0,1,17
807,1092423504035643395,happy b'day J-HOPE,,6.0,76.0,0,1,17
813,3126574486,khan sherzai,,5.0,22.0,0,1,15
814,1041920335468060675,Paras Solanki,"Rajkot, India",5.0,29.0,0,1,15
815,1081822900766703617,news24x7pro,,5.0,195.0,0,1,15
816,1673600414,dr.tarun bele,,5.0,26.0,0,1,15
817,1051777208765665280,Shabiaq,"Sukoharjo, Indonesia",5.0,24.0,0,1,15
818,1082860237059584000,Restufave,,0.0,50.0,0,2,15
819,1093713039902326785,Angela D. Shaye,,0.0,16.0,0,2,15
820,1067352889587159040,Ú©Û’ Ø·ÙˆØ± Ù¾Ø± Ø§Ú¯Ø±,"Hyderabad, India",5.0,32.0,0,1,15
821,1090346948886974465,jess,,4.0,4.0,0,1,13
824,379209822,ì•¤,,3.0,267.0,0,1,11
823,1078112954837549061,Hhh,,3.0,145.0,0,1,11
822,1081248974198181889,Liza Garcia,,3.0,66.0,0,1,11
825,893360813184077824,Faiyaz Ahmad,Saharsa Bihar,2.0,27.0,0,1,9
826,3477277405,Robert Pinder,SOMEWHERE,2.0,21.0,0,1,9
827,1075265022744453121,Calico,,1.0,17.0,0,1,7
828,1094526120010149888,Ronnie,"London, England",1.0,28.0,0,1,7
829,1099534632796643328,åç„¡ã—,,0.0,155.0,0,1,5
830,1097692781743464451,Ernest Chuck-Carver Bante,Pershing Square Los,0.0,0.0,0,1,5
831,1099561182321692672,Rakesh Verma,,0.0,6.0,0,1,5
832,1096440676416290816,MANISH KUMAR VERMA,,0.0,12.0,0,1,5
833,1093407907037749249,Florence,,0.0,16.0,0,1,5
834,1046678732306440192,HappyBot,,0.0,0.0,0,1,5
